model,project,precision,recall,f1,p_at_50,n,n_flaky,roc_auc,avg_precision
majority,achilles,0.0,0.0,0.0,0.0,1317,4,0.5,0.0030372057706909645
majority,activiti,0.0,0.0,0.0,0.0,2044,32,0.5,0.015655577299412915
majority,alluxio,0.0,0.0,0.0,0.06,187,116,0.5,0.6203208556149733
majority,ambari,0.0,0.0,0.0,0.0,324,52,0.5,0.16049382716049382
majority,assertj-core,0.0,0.0,0.0,0.0,6261,1,0.5,0.00015971889474524837
majority,commons-exec,0.0,0.0,0.0,0.02,55,1,0.5,0.01818181818181818
majority,elastic-job-lite,0.0,0.0,0.0,0.0,558,3,0.5,0.005376344086021506
majority,handlebars.java,0.0,0.0,0.0,0.0,427,1,0.5,0.00234192037470726
majority,hbase,0.0,0.0,0.0,0.4,431,145,0.5,0.33642691415313225
majority,hector,0.0,0.0,0.0,0.3,142,33,0.5,0.2323943661971831
majority,http-request,0.0,0.0,0.0,0.02,163,18,0.5,0.11042944785276074
majority,httpcore,0.0,0.0,0.0,0.3,712,22,0.5,0.03089887640449438
majority,incubator-dubbo,0.0,0.0,0.0,0.02,2176,19,0.5,0.008731617647058824
majority,java-websocket,0.0,0.0,0.0,0.04,145,23,0.5,0.15862068965517243
majority,jimfs,0.0,0.0,0.0,0.0,212,0,,
majority,logback,0.0,0.0,0.0,0.02,843,22,0.5,0.02609727164887307
majority,ninja,0.0,0.0,0.0,0.0,307,1,0.5,0.003257328990228013
majority,okhttp,0.0,0.0,0.0,0.16,810,100,0.5,0.12345679012345678
majority,orbit,0.0,0.0,0.0,0.1,86,7,0.5,0.08139534883720931
majority,spring-boot,0.0,0.0,0.0,0.0,2127,163,0.5,0.076633756464504
majority,undertow,0.0,0.0,0.0,0.08,183,7,0.5,0.03825136612021858
majority,wildfly,0.0,0.0,0.0,0.0,1236,23,0.5,0.0186084142394822
majority,wro4j,0.0,0.0,0.0,0.04,1145,16,0.5,0.013973799126637555
majority,zxing,0.0,0.0,0.0,0.0,345,2,0.5,0.005797101449275362
logreg,achilles,0.005357142857142857,0.75,0.010638297872340425,0.0,1317,4,0.7600913937547601,0.009839389505320185
logreg,activiti,0.016498137307078234,0.96875,0.032443746729461015,0.1,2044,32,0.7453715208747514,0.06646333385930721
logreg,alluxio,0.43478260869565216,0.08620689655172414,0.14388489208633093,0.58,187,116,0.2872753763963089,0.5574095637094465
logreg,ambari,0.16352201257861634,1.0,0.2810810810810811,0.32,324,52,0.7820984162895928,0.3088387571638713
logreg,assertj-core,0.0,0.0,0.0,0.0,6261,1,0.31693290734824286,0.00023380874444704232
logreg,commons-exec,0.07692307692307693,1.0,0.14285714285714285,0.02,55,1,0.9074074074074074,0.16666666666666666
logreg,elastic-job-lite,0.0,0.0,0.0,0.04,558,3,0.7885885885885886,0.046845681829707386
logreg,handlebars.java,0.0,0.0,0.0,0.0,427,1,0.8732394366197183,0.01818181818181818
logreg,hbase,0.5510204081632653,0.7448275862068966,0.6334310850439883,0.86,431,145,0.7887870749939715,0.6986053151425945
logreg,hector,0.1875,0.18181818181818182,0.18461538461538463,0.18,142,33,0.47345009730330834,0.2657663986910041
logreg,http-request,0.15789473684210525,0.8333333333333334,0.26548672566371684,0.28,163,18,0.7894636015325671,0.43191282425388133
logreg,httpcore,0.14444444444444443,0.5909090909090909,0.23214285714285715,0.2,712,22,0.7988801054018446,0.14309595027703317
logreg,incubator-dubbo,0.03162055335968379,0.42105263157894735,0.058823529411764705,0.12,2176,19,0.6226728155576703,0.07207865684596965
logreg,java-websocket,0.3108108108108108,1.0,0.4742268041237113,0.3,145,23,0.7494654312188168,0.29739308838182743
logreg,jimfs,0.0,0.0,0.0,0.0,212,0,,
logreg,logback,0.104,0.5909090909090909,0.17687074829931973,0.14,843,22,0.6728490754069316,0.1269689157171327
logreg,ninja,0.012048192771084338,1.0,0.023809523809523808,0.0,307,1,0.8366013071895425,0.0196078431372549
logreg,okhttp,0.034482758620689655,0.03,0.03208556149732621,0.02,810,100,0.3412183098591549,0.09736092918625071
logreg,orbit,0.08771929824561403,0.7142857142857143,0.15625,0.1,86,7,0.6274864376130199,0.1407571541294126
logreg,spring-boot,0.08089887640449438,0.22085889570552147,0.11842105263157894,0.06,2127,163,0.519876176077368,0.07955843471236868
logreg,undertow,0.030612244897959183,0.42857142857142855,0.05714285714285714,0.04,183,7,0.5454545454545454,0.05646830576399545
logreg,wildfly,0.040625,0.5652173913043478,0.07580174927113703,0.0,1236,23,0.6623176457937561,0.04353389392976081
logreg,wro4j,0.018838304552590265,0.75,0.036753445635528334,0.1,1145,16,0.7351085031000886,0.08292371479580986
logreg,zxing,0.009708737864077669,0.5,0.01904761904761905,0.0,345,2,0.38775510204081637,0.008095975232198143
random_forest,achilles,0.0,0.0,0.0,0.0,1317,4,0.7194402132520944,0.006651506367779475
random_forest,activiti,0.0,0.0,0.0,0.02,2044,32,0.6883464835984094,0.03303061769605022
random_forest,alluxio,1.0,0.04310344827586207,0.08264462809917356,1.0,187,116,0.997146673142302,0.9981532310541363
random_forest,ambari,0.3448275862068966,0.38461538461538464,0.36363636363636365,0.32,324,52,0.8425127262443439,0.4058030315751675
random_forest,assertj-core,0.0,0.0,0.0,0.0,6261,1,0.28091054313099045,0.00021150592216582064
random_forest,commons-exec,0.0,0.0,0.0,0.02,55,1,0.9444444444444444,0.25
random_forest,elastic-job-lite,0.0,0.0,0.0,0.04,558,3,0.8858858858858859,0.03240588709436666
random_forest,handlebars.java,0.0,0.0,0.0,0.0,427,1,0.5352112676056338,0.0049504950495049506
random_forest,hbase,0.6666666666666666,0.013793103448275862,0.02702702702702703,0.76,431,145,0.7853508560405111,0.6415721917439193
random_forest,hector,0.0,0.0,0.0,0.48,142,33,0.8306922435362802,0.4975904517318512
random_forest,http-request,0.0,0.0,0.0,0.08,163,18,0.42950191570881224,0.0965838800514901
random_forest,httpcore,0.0,0.0,0.0,0.32,712,22,0.9287220026350462,0.3006778307091831
random_forest,incubator-dubbo,0.25,0.05263157894736842,0.08695652173913043,0.12,2176,19,0.7938047483102748,0.06581549774860602
random_forest,java-websocket,0.0,0.0,0.0,0.4,145,23,0.8166429080541696,0.37895152457509435
random_forest,jimfs,0.0,0.0,0.0,0.0,212,0,,
random_forest,logback,0.0,0.0,0.0,0.04,843,22,0.7264976193112611,0.05185842606831777
random_forest,ninja,0.0,0.0,0.0,0.02,307,1,0.9705882352941176,0.1
random_forest,okhttp,0.0,0.0,0.0,0.12,810,100,0.49002816901408447,0.12788871984400527
random_forest,orbit,0.0,0.0,0.0,0.14,86,7,0.7929475587703436,0.21016661909519052
random_forest,spring-boot,0.0,0.0,0.0,0.0,2127,163,0.5681578223982607,0.08756856852162562
random_forest,undertow,0.2,0.14285714285714285,0.16666666666666666,0.06,183,7,0.6785714285714286,0.10152782434205641
random_forest,wildfly,0.0,0.0,0.0,0.02,1236,23,0.8127352234847127,0.05123124389422361
random_forest,wro4j,0.03125,0.0625,0.041666666666666664,0.02,1145,16,0.5642161204605847,0.019349496684407316
random_forest,zxing,0.0,0.0,0.0,0.0,345,2,0.3389212827988338,0.006395054221141177
xgboost,achilles,0.0,0.0,0.0,0.0,1317,4,0.7490479817212491,0.007840126765328087
xgboost,activiti,0.009244992295839754,0.1875,0.01762114537444934,0.0,2044,32,0.41827162027833,0.01297834143047976
xgboost,alluxio,1.0,0.13793103448275862,0.24242424242424243,1.0,187,116,0.9519184069936862,0.9694365510266546
xgboost,ambari,0.4069767441860465,0.6730769230769231,0.5072463768115942,0.3,324,52,0.8327205882352942,0.3841807866190595
xgboost,assertj-core,0.0,0.0,0.0,0.0,6261,1,0.31549520766773165,0.0002333177788147457
xgboost,commons-exec,0.0,0.0,0.0,0.02,55,1,0.9074074074074074,0.16666666666666666
xgboost,elastic-job-lite,0.0,0.0,0.0,0.02,558,3,0.8816816816816817,0.029739010989010987
xgboost,handlebars.java,0.0,0.0,0.0,0.0,427,1,0.551643192488263,0.005208333333333333
xgboost,hbase,0.625,0.06896551724137931,0.12422360248447205,0.64,431,145,0.6942367976850736,0.5331923074575589
xgboost,hector,0.5,0.030303030303030304,0.05714285714285714,0.3,142,33,0.6363636363636364,0.31235070541723575
xgboost,http-request,0.0,0.0,0.0,0.04,163,18,0.42279693486590036,0.09862745476160556
xgboost,httpcore,0.14285714285714285,0.13636363636363635,0.13953488372093023,0.22,712,22,0.8976943346508566,0.21204071554098927
xgboost,incubator-dubbo,0.11764705882352941,0.3157894736842105,0.17142857142857143,0.12,2176,19,0.7882048654320084,0.13818311543909603
xgboost,java-websocket,0.0,0.0,0.0,0.26,145,23,0.7255880256593015,0.25484415089103246
xgboost,jimfs,0.0,0.0,0.0,0.0,212,0,,
xgboost,logback,0.0,0.0,0.0,0.04,843,22,0.6636031447237294,0.04445753120564254
xgboost,ninja,0.0,0.0,0.0,0.02,307,1,0.9248366013071895,0.041666666666666664
xgboost,okhttp,0.2,0.01,0.01904761904761905,0.12,810,100,0.5182042253521126,0.1375129490660929
xgboost,orbit,0.0,0.0,0.0,0.12,86,7,0.7070524412296564,0.1442221892221892
xgboost,spring-boot,0.012269938650306749,0.012269938650306749,0.012269938650306749,0.02,2127,163,0.6873758324691065,0.11348112629686756
xgboost,undertow,0.1111111111111111,0.2857142857142857,0.16,0.06,183,7,0.5146103896103896,0.08412276778574114
xgboost,wildfly,0.05263157894736842,0.13043478260869565,0.075,0.06,1236,23,0.683429513602638,0.03714871720246695
xgboost,wro4j,0.022222222222222223,0.125,0.03773584905660377,0.04,1145,16,0.6507418069087688,0.09277947049463932
xgboost,zxing,0.0,0.0,0.0,0.0,345,2,0.314868804664723,0.006608263032662773
vocab_xgboost,achilles,0.0,0.0,0.0,0.0,1317,4,0.6064356435643564,0.0065545502535289055
vocab_xgboost,activiti,0.04804804804804805,0.5,0.08767123287671233,0.12,2043,32,0.7743892963699652,0.06773841075529126
vocab_xgboost,alluxio,0.6176470588235294,0.1810344827586207,0.28,0.58,187,116,0.4864011656143759,0.5923089546292406
vocab_xgboost,ambari,0.375,0.11538461538461539,0.17647058823529413,0.38,324,52,0.83045814479638,0.39252124817148615
vocab_xgboost,assertj-core,0.0,0.0,0.0,0.0,6261,1,0.5929712460063898,0.00039231071008238524
vocab_xgboost,commons-exec,0.0,0.0,0.0,0.02,55,1,0.9074074074074074,0.16666666666666666
vocab_xgboost,elastic-job-lite,0.0,0.0,0.0,0.0,558,3,0.7075075075075075,0.011776845393227112
vocab_xgboost,handlebars.java,0.0,0.0,0.0,0.02,420,1,0.8902147971360381,0.02127659574468085
vocab_xgboost,hbase,0.37373737373737376,0.25517241379310346,0.30327868852459017,0.56,431,145,0.6238847359537014,0.46477552682531503
vocab_xgboost,hector,0.5,0.06060606060606061,0.10810810810810811,0.3,142,33,0.5721434528773979,0.33066972292483
vocab_xgboost,http-request,0.0,0.0,0.0,0.08,163,18,0.5327586206896552,0.11614250744464881
vocab_xgboost,httpcore,0.0,0.0,0.0,0.0,712,22,0.61034255599473,0.042591249101330275
vocab_xgboost,incubator-dubbo,0.1,0.21052631578947367,0.13559322033898305,0.08,2174,19,0.7180852362925876,0.11855634749018108
vocab_xgboost,java-websocket,1.0,0.8695652173913043,0.9302325581395349,0.44,145,23,0.9713114754098361,0.931598674347037
vocab_xgboost,jimfs,0.0,0.0,0.0,0.0,212,0,,
vocab_xgboost,logback,0.07317073170731707,0.13636363636363635,0.09523809523809523,0.08,805,22,0.719000348310693,0.0623175492405556
vocab_xgboost,ninja,0.0,0.0,0.0,0.02,307,1,0.9477124183006536,0.058823529411764705
vocab_xgboost,okhttp,0.2962962962962963,0.08,0.12598425196850394,0.24,810,100,0.6332816901408451,0.19093356434573472
vocab_xgboost,orbit,0.16216216216216217,0.8571428571428571,0.2727272727272727,0.14,86,7,0.864376130198915,0.3052721088435374
vocab_xgboost,spring-boot,0.046511627906976744,0.025,0.032520325203252036,0.06,2108,160,0.7888683906570841,0.227298874442519
vocab_xgboost,undertow,0.0,0.0,0.0,0.0,183,7,0.2386363636363636,0.027965990830453542
vocab_xgboost,wildfly,0.0,0.0,0.0,0.0,1023,23,0.709391304347826,0.039394723019574175
vocab_xgboost,wro4j,0.0,0.0,0.0,0.02,1135,16,0.6062053172475425,0.022836529538373014
vocab_xgboost,zxing,0.0,0.0,0.0,0.0,345,2,0.12099125364431484,0.004830093077050173
