model,project,fold,precision,recall,f1,p_at_50,n,n_flaky,flaky_rate,roc_auc,avg_precision
majority,activiti,0,0.0,0.0,0.0,0.08,409,6,0.014669926650366748,0.5,0.014669926650366748
majority,activiti,1,0.0,0.0,0.0,0.02,409,6,0.014669926650366748,0.5,0.014669926650366748
majority,activiti,2,0.0,0.0,0.0,0.0,409,7,0.017114914425427872,0.5,0.017114914425427872
majority,activiti,3,0.0,0.0,0.0,0.08,409,7,0.017114914425427872,0.5,0.017114914425427872
majority,activiti,4,0.0,0.0,0.0,0.02,408,6,0.014705882352941176,0.5,0.014705882352941176
majority,alluxio,0,0.6052631578947368,1.0,0.7540983606557377,0.6052631578947368,38,23,0.6052631578947368,0.5,0.6052631578947368
majority,alluxio,1,0.631578947368421,1.0,0.7741935483870968,0.631578947368421,38,24,0.631578947368421,0.5,0.631578947368421
majority,alluxio,2,0.6216216216216216,1.0,0.7666666666666667,0.6216216216216216,37,23,0.6216216216216216,0.5,0.6216216216216216
majority,alluxio,3,0.6216216216216216,1.0,0.7666666666666667,0.6216216216216216,37,23,0.6216216216216216,0.5,0.6216216216216216
majority,alluxio,4,0.6216216216216216,1.0,0.7666666666666667,0.6216216216216216,37,23,0.6216216216216216,0.5,0.6216216216216216
majority,ambari,0,0.0,0.0,0.0,0.02,65,10,0.15384615384615385,0.5,0.15384615384615385
majority,ambari,1,0.0,0.0,0.0,0.08,65,10,0.15384615384615385,0.5,0.15384615384615385
majority,ambari,2,0.0,0.0,0.0,0.12,65,11,0.16923076923076924,0.5,0.16923076923076924
majority,ambari,3,0.0,0.0,0.0,0.06,65,11,0.16923076923076924,0.5,0.16923076923076924
majority,ambari,4,0.0,0.0,0.0,0.0,64,10,0.15625,0.5,0.15625
majority,hbase,0,0.0,0.0,0.0,0.26,87,29,0.3333333333333333,0.5,0.3333333333333333
majority,hbase,1,0.0,0.0,0.0,0.4,86,29,0.3372093023255814,0.5,0.3372093023255814
majority,hbase,2,0.0,0.0,0.0,0.32,86,29,0.3372093023255814,0.5,0.3372093023255814
majority,hbase,3,0.0,0.0,0.0,0.42,86,29,0.3372093023255814,0.5,0.3372093023255814
majority,hbase,4,0.0,0.0,0.0,0.42,86,29,0.3372093023255814,0.5,0.3372093023255814
majority,hector,0,0.0,0.0,0.0,0.2413793103448276,29,7,0.2413793103448276,0.5,0.2413793103448276
majority,hector,1,0.0,0.0,0.0,0.2413793103448276,29,7,0.2413793103448276,0.5,0.2413793103448276
majority,hector,2,0.0,0.0,0.0,0.21428571428571427,28,6,0.21428571428571427,0.5,0.21428571428571427
majority,hector,3,0.0,0.0,0.0,0.21428571428571427,28,6,0.21428571428571427,0.5,0.21428571428571427
majority,hector,4,0.0,0.0,0.0,0.25,28,7,0.25,0.5,0.25
majority,http-request,0,0.0,0.0,0.0,0.12121212121212122,33,4,0.12121212121212122,0.5,0.12121212121212122
majority,http-request,1,0.0,0.0,0.0,0.12121212121212122,33,4,0.12121212121212122,0.5,0.12121212121212122
majority,http-request,2,0.0,0.0,0.0,0.12121212121212122,33,4,0.12121212121212122,0.5,0.12121212121212122
majority,http-request,3,0.0,0.0,0.0,0.09375,32,3,0.09375,0.5,0.09375
majority,http-request,4,0.0,0.0,0.0,0.09375,32,3,0.09375,0.5,0.09375
majority,httpcore,0,0.0,0.0,0.0,0.08,143,5,0.03496503496503497,0.5,0.03496503496503497
majority,httpcore,1,0.0,0.0,0.0,0.08,143,5,0.03496503496503497,0.5,0.03496503496503497
majority,httpcore,2,0.0,0.0,0.0,0.08,142,4,0.028169014084507043,0.5,0.028169014084507043
majority,httpcore,3,0.0,0.0,0.0,0.08,142,4,0.028169014084507043,0.5,0.028169014084507043
majority,httpcore,4,0.0,0.0,0.0,0.08,142,4,0.028169014084507043,0.5,0.028169014084507043
majority,incubator-dubbo,0,0.0,0.0,0.0,0.02,436,4,0.009174311926605505,0.5,0.009174311926605505
majority,incubator-dubbo,1,0.0,0.0,0.0,0.0,435,3,0.006896551724137931,0.5,0.006896551724137931
majority,incubator-dubbo,2,0.0,0.0,0.0,0.0,435,4,0.009195402298850575,0.5,0.009195402298850575
majority,incubator-dubbo,3,0.0,0.0,0.0,0.02,435,4,0.009195402298850575,0.5,0.009195402298850575
majority,incubator-dubbo,4,0.0,0.0,0.0,0.0,435,4,0.009195402298850575,0.5,0.009195402298850575
majority,java-websocket,0,0.0,0.0,0.0,0.13793103448275862,29,4,0.13793103448275862,0.5,0.13793103448275862
majority,java-websocket,1,0.0,0.0,0.0,0.13793103448275862,29,4,0.13793103448275862,0.5,0.13793103448275862
majority,java-websocket,2,0.0,0.0,0.0,0.1724137931034483,29,5,0.1724137931034483,0.5,0.1724137931034483
majority,java-websocket,3,0.0,0.0,0.0,0.1724137931034483,29,5,0.1724137931034483,0.5,0.1724137931034483
majority,java-websocket,4,0.0,0.0,0.0,0.1724137931034483,29,5,0.1724137931034483,0.5,0.1724137931034483
majority,logback,0,0.0,0.0,0.0,0.0,169,4,0.023668639053254437,0.5,0.023668639053254437
majority,logback,1,0.0,0.0,0.0,0.02,169,5,0.029585798816568046,0.5,0.029585798816568046
majority,logback,2,0.0,0.0,0.0,0.02,169,5,0.029585798816568046,0.5,0.029585798816568046
majority,logback,3,0.0,0.0,0.0,0.0,168,4,0.023809523809523808,0.5,0.023809523809523808
majority,logback,4,0.0,0.0,0.0,0.0,168,4,0.023809523809523808,0.5,0.023809523809523808
majority,okhttp,0,0.0,0.0,0.0,0.18,162,20,0.12345679012345678,0.5,0.12345679012345678
majority,okhttp,1,0.0,0.0,0.0,0.2,162,20,0.12345679012345678,0.5,0.12345679012345678
majority,okhttp,2,0.0,0.0,0.0,0.26,162,20,0.12345679012345678,0.5,0.12345679012345678
majority,okhttp,3,0.0,0.0,0.0,0.12,162,20,0.12345679012345678,0.5,0.12345679012345678
majority,okhttp,4,0.0,0.0,0.0,0.2,162,20,0.12345679012345678,0.5,0.12345679012345678
majority,spring-boot,0,0.0,0.0,0.0,0.04,426,33,0.07746478873239436,0.5,0.07746478873239436
majority,spring-boot,1,0.0,0.0,0.0,0.12,426,33,0.07746478873239436,0.5,0.07746478873239436
majority,spring-boot,2,0.0,0.0,0.0,0.04,425,32,0.07529411764705882,0.5,0.07529411764705882
majority,spring-boot,3,0.0,0.0,0.0,0.12,425,32,0.07529411764705882,0.5,0.07529411764705882
majority,spring-boot,4,0.0,0.0,0.0,0.14,425,33,0.07764705882352942,0.5,0.07764705882352942
majority,wildfly,0,0.0,0.0,0.0,0.06,248,5,0.020161290322580645,0.5,0.020161290322580645
majority,wildfly,1,0.0,0.0,0.0,0.0,247,4,0.016194331983805668,0.5,0.016194331983805668
majority,wildfly,2,0.0,0.0,0.0,0.02,247,4,0.016194331983805668,0.5,0.016194331983805668
majority,wildfly,3,0.0,0.0,0.0,0.02,247,5,0.020242914979757085,0.5,0.020242914979757085
majority,wildfly,4,0.0,0.0,0.0,0.04,247,5,0.020242914979757085,0.5,0.020242914979757085
majority,wro4j,0,0.0,0.0,0.0,0.0,229,3,0.013100436681222707,0.5,0.013100436681222707
majority,wro4j,1,0.0,0.0,0.0,0.02,229,3,0.013100436681222707,0.5,0.013100436681222707
majority,wro4j,2,0.0,0.0,0.0,0.02,229,3,0.013100436681222707,0.5,0.013100436681222707
majority,wro4j,3,0.0,0.0,0.0,0.0,229,3,0.013100436681222707,0.5,0.013100436681222707
majority,wro4j,4,0.0,0.0,0.0,0.02,229,4,0.017467248908296942,0.5,0.017467248908296942
logreg,activiti,0,0.047244094488188976,1.0,0.09022556390977443,0.12,409,6,0.014669926650366748,0.9478908188585607,0.15984468339307048
logreg,activiti,1,0.03225806451612903,0.5,0.06060606060606061,0.02,409,6,0.014669926650366748,0.7109181141439206,0.03171894632215349
logreg,activiti,2,0.021052631578947368,0.2857142857142857,0.0392156862745098,0.04,409,7,0.017114914425427872,0.6574271499644634,0.03428340223653483
logreg,activiti,3,0.049019607843137254,0.7142857142857143,0.09174311926605505,0.08,409,7,0.017114914425427872,0.7903340440653873,0.20968493668453927
logreg,activiti,4,0.031578947368421054,0.5,0.0594059405940594,0.06,408,6,0.014705882352941176,0.7201492537313434,0.07039226490663346
logreg,alluxio,0,1.0,1.0,1.0,0.6052631578947368,38,23,0.6052631578947368,1.0,0.9999999999999998
logreg,alluxio,1,1.0,1.0,1.0,0.631578947368421,38,24,0.631578947368421,1.0,0.9999999999999998
logreg,alluxio,2,1.0,1.0,1.0,0.6216216216216216,37,23,0.6216216216216216,1.0,0.9999999999999999
logreg,alluxio,3,1.0,1.0,1.0,0.6216216216216216,37,23,0.6216216216216216,1.0,0.9999999999999999
logreg,alluxio,4,1.0,1.0,1.0,0.6216216216216216,37,23,0.6216216216216216,1.0,0.9999999999999999
logreg,ambari,0,0.5263157894736842,1.0,0.6896551724137931,0.2,65,10,0.15384615384615385,0.98,0.9016991341991342
logreg,ambari,1,0.9,0.9,0.9,0.2,65,10,0.15384615384615385,0.9672727272727273,0.927037037037037
logreg,ambari,2,0.9090909090909091,0.9090909090909091,0.9090909090909091,0.22,65,11,0.16923076923076924,0.9713804713804713,0.9448051948051948
logreg,ambari,3,0.6923076923076923,0.8181818181818182,0.75,0.2,65,11,0.16923076923076924,0.8619528619528619,0.6487484911466103
logreg,ambari,4,0.7692307692307693,1.0,0.8695652173913043,0.2,64,10,0.15625,0.9814814814814815,0.8973595848595848
logreg,hbase,0,0.7272727272727273,0.8275862068965517,0.7741935483870968,0.54,87,29,0.3333333333333333,0.8775267538644471,0.8075135405418854
logreg,hbase,1,0.75,0.8275862068965517,0.7868852459016393,0.58,86,29,0.3372093023255814,0.926799758015729,0.8791286079122882
logreg,hbase,2,0.8148148148148148,0.7586206896551724,0.7857142857142857,0.54,86,29,0.3372093023255814,0.8850574712643678,0.8158035685361922
logreg,hbase,3,0.8518518518518519,0.7931034482758621,0.8214285714285714,0.52,86,29,0.3372093023255814,0.8905021173623714,0.8055390592806352
logreg,hbase,4,0.8387096774193549,0.896551724137931,0.8666666666666667,0.58,86,29,0.3372093023255814,0.9340592861464004,0.8001225363251625
logreg,hector,0,0.5833333333333334,1.0,0.7368421052631579,0.2413793103448276,29,7,0.2413793103448276,0.9805194805194805,0.947845804988662
logreg,hector,1,0.6666666666666666,0.8571428571428571,0.75,0.2413793103448276,29,7,0.2413793103448276,0.948051948051948,0.8395485466914037
logreg,hector,2,0.5555555555555556,0.8333333333333334,0.6666666666666666,0.21428571428571427,28,6,0.21428571428571427,0.9318181818181818,0.7958333333333333
logreg,hector,3,0.75,1.0,0.8571428571428571,0.21428571428571427,28,6,0.21428571428571427,0.962121212121212,0.8555555555555555
logreg,hector,4,0.8,0.5714285714285714,0.6666666666666666,0.25,28,7,0.25,0.870748299319728,0.7940940012368582
logreg,http-request,0,0.4,1.0,0.5714285714285714,0.12121212121212122,33,4,0.12121212121212122,0.9913793103448276,0.95
logreg,http-request,1,0.25,0.5,0.3333333333333333,0.12121212121212122,33,4,0.12121212121212122,0.8017241379310345,0.5109649122807017
logreg,http-request,2,0.375,0.75,0.5,0.12121212121212122,33,4,0.12121212121212122,0.8879310344827587,0.48541666666666666
logreg,http-request,3,0.5,1.0,0.6666666666666666,0.09375,32,3,0.09375,1.0,1.0
logreg,http-request,4,0.5,1.0,0.6666666666666666,0.09375,32,3,0.09375,0.9425287356321839,0.6666666666666667
logreg,httpcore,0,0.5,1.0,0.6666666666666666,0.1,143,5,0.03496503496503497,0.9869565217391304,0.6783333333333332
logreg,httpcore,1,0.23076923076923078,0.6,0.3333333333333333,0.1,143,5,0.03496503496503497,0.9405797101449275,0.27825396825396825
logreg,httpcore,2,0.21428571428571427,0.75,0.3333333333333333,0.08,142,4,0.028169014084507043,0.9202898550724637,0.5470653377630121
logreg,httpcore,3,0.25,1.0,0.4,0.08,142,4,0.028169014084507043,0.9692028985507246,0.5488095238095239
logreg,httpcore,4,0.4,1.0,0.5714285714285714,0.08,142,4,0.028169014084507043,0.983695652173913,0.6488095238095238
logreg,incubator-dubbo,0,0.11538461538461539,0.75,0.2,0.06,436,4,0.009174311926605505,0.8981481481481483,0.2304565353345841
logreg,incubator-dubbo,1,0.06451612903225806,0.6666666666666666,0.11764705882352941,0.04,435,3,0.006896551724137931,0.6697530864197531,0.08392050587172538
logreg,incubator-dubbo,2,0.06666666666666667,0.5,0.11764705882352941,0.04,435,4,0.009195402298850575,0.814385150812065,0.06324426010289885
logreg,incubator-dubbo,3,0.06976744186046512,0.75,0.1276595744680851,0.06,435,4,0.009195402298850575,0.9089327146171693,0.15179713332085593
logreg,incubator-dubbo,4,0.08823529411764706,0.75,0.15789473684210525,0.06,435,4,0.009195402298850575,0.91415313225058,0.07081280788177341
logreg,java-websocket,0,0.4,1.0,0.5714285714285714,0.13793103448275862,29,4,0.13793103448275862,0.9500000000000001,0.8611111111111112
logreg,java-websocket,1,0.375,0.75,0.5,0.13793103448275862,29,4,0.13793103448275862,0.9199999999999999,0.8333333333333333
logreg,java-websocket,2,0.5,0.8,0.6153846153846154,0.1724137931034483,29,5,0.1724137931034483,0.9666666666666667,0.911111111111111
logreg,java-websocket,3,0.5,1.0,0.6666666666666666,0.1724137931034483,29,5,0.1724137931034483,1.0,1.0
logreg,java-websocket,4,0.8333333333333334,1.0,0.9090909090909091,0.1724137931034483,29,5,0.1724137931034483,0.9916666666666667,0.9666666666666666
logreg,logback,0,0.037037037037037035,0.25,0.06451612903225806,0.04,169,4,0.023668639053254437,0.4075757575757576,0.03128258135379082
logreg,logback,1,0.15151515151515152,1.0,0.2631578947368421,0.1,169,5,0.029585798816568046,0.9317073170731709,0.2224167946748592
logreg,logback,2,0.045454545454545456,0.2,0.07407407407407407,0.02,169,5,0.029585798816568046,0.27804878048780485,0.046801439620793334
logreg,logback,3,0.0,0.0,0.0,0.06,168,4,0.023809523809523808,0.6143292682926829,0.04433096415855037
logreg,logback,4,0.05555555555555555,0.5,0.1,0.04,168,4,0.023809523809523808,0.663109756097561,0.3242667356797792
logreg,okhttp,0,0.24193548387096775,0.75,0.36585365853658536,0.3,162,20,0.12345679012345678,0.7897887323943661,0.3671840650240937
logreg,okhttp,1,0.22535211267605634,0.8,0.3516483516483517,0.2,162,20,0.12345679012345678,0.7165492957746479,0.23845632485836327
logreg,okhttp,2,0.22058823529411764,0.75,0.3409090909090909,0.22,162,20,0.12345679012345678,0.7137323943661972,0.23212768851840698
logreg,okhttp,3,0.1746031746031746,0.55,0.26506024096385544,0.2,162,20,0.12345679012345678,0.6950704225352113,0.2283822554271065
logreg,okhttp,4,0.19672131147540983,0.6,0.2962962962962963,0.18,162,20,0.12345679012345678,0.6626760563380282,0.2804653232904207
logreg,spring-boot,0,0.41935483870967744,0.7878787878787878,0.5473684210526316,0.52,426,33,0.07746478873239436,0.8941321613077338,0.5008196728867955
logreg,spring-boot,1,0.40789473684210525,0.9393939393939394,0.5688073394495413,0.58,426,33,0.07746478873239436,0.9666897987508675,0.654498921994132
logreg,spring-boot,2,0.36363636363636365,1.0,0.5333333333333333,0.56,425,32,0.07529411764705882,0.9684319338422392,0.6828207425108512
logreg,spring-boot,3,0.36363636363636365,1.0,0.5333333333333333,0.6,425,32,0.07529411764705882,0.9693861323155216,0.6693800565352102
logreg,spring-boot,4,0.46774193548387094,0.8787878787878788,0.6105263157894737,0.56,425,33,0.07764705882352942,0.925556586270872,0.6508705787543023
logreg,wildfly,0,0.09523809523809523,0.4,0.15384615384615385,0.04,248,5,0.020161290322580645,0.757201646090535,0.11194836399395135
logreg,wildfly,1,0.12121212121212122,1.0,0.21621621621621623,0.08,247,4,0.016194331983805668,0.9753086419753085,0.6884615384615385
logreg,wildfly,2,0.047619047619047616,0.25,0.08,0.06,247,4,0.016194331983805668,0.7613168724279835,0.09299450549450548
logreg,wildfly,3,0.11363636363636363,1.0,0.20408163265306123,0.1,247,5,0.020242914979757085,0.9611570247933884,0.25635706914344686
logreg,wildfly,4,0.10810810810810811,0.8,0.19047619047619047,0.08,247,5,0.020242914979757085,0.9305785123966942,0.4342857142857143
logreg,wro4j,0,0.06666666666666667,0.6666666666666666,0.12121212121212122,0.04,229,3,0.013100436681222707,0.831858407079646,0.06770876182640889
logreg,wro4j,1,0.02702702702702703,0.3333333333333333,0.05,0.02,229,3,0.013100436681222707,0.8126843657817109,0.1365079365079365
logreg,wro4j,2,0.05555555555555555,0.6666666666666666,0.10256410256410256,0.04,229,3,0.013100436681222707,0.6858407079646017,0.3775241439859526
logreg,wro4j,3,0.024390243902439025,0.3333333333333333,0.045454545454545456,0.02,229,3,0.013100436681222707,0.6533923303834808,0.07077574468878817
logreg,wro4j,4,0.029411764705882353,0.25,0.05263157894736842,0.02,229,4,0.017467248908296942,0.35444444444444445,0.053027023293735556
random_forest,activiti,0,0.3333333333333333,0.16666666666666666,0.2222222222222222,0.1,409,6,0.014669926650366748,0.9257650951199339,0.22007291584406014
random_forest,activiti,1,0.3333333333333333,0.16666666666666666,0.2222222222222222,0.08,409,6,0.014669926650366748,0.8709677419354839,0.12123878536922014
random_forest,activiti,2,0.0,0.0,0.0,0.06,409,7,0.017114914425427872,0.8649609097370291,0.16013446457954292
random_forest,activiti,3,0.3333333333333333,0.14285714285714285,0.2,0.1,409,7,0.017114914425427872,0.748045486851457,0.30208885510194294
random_forest,activiti,4,0.0,0.0,0.0,0.1,408,6,0.014705882352941176,0.90650912106136,0.24567964654581953
random_forest,alluxio,0,1.0,1.0,1.0,0.6052631578947368,38,23,0.6052631578947368,1.0,1.0
random_forest,alluxio,1,1.0,1.0,1.0,0.631578947368421,38,24,0.631578947368421,1.0,1.0
random_forest,alluxio,2,1.0,1.0,1.0,0.6216216216216216,37,23,0.6216216216216216,1.0,1.0
random_forest,alluxio,3,1.0,1.0,1.0,0.6216216216216216,37,23,0.6216216216216216,1.0,1.0
random_forest,alluxio,4,1.0,1.0,1.0,0.6216216216216216,37,23,0.6216216216216216,1.0,1.0
random_forest,ambari,0,0.7692307692307693,1.0,0.8695652173913043,0.2,65,10,0.15384615384615385,0.9872727272727273,0.9326515151515151
random_forest,ambari,1,0.9,0.9,0.9,0.2,65,10,0.15384615384615385,0.9927272727272728,0.9714285714285714
random_forest,ambari,2,1.0,0.9090909090909091,0.9523809523809523,0.22,65,11,0.16923076923076924,0.9671717171717171,0.9413489736070381
random_forest,ambari,3,0.8181818181818182,0.8181818181818182,0.8181818181818182,0.22,65,11,0.16923076923076924,0.9932659932659933,0.9708624708624709
random_forest,ambari,4,1.0,1.0,1.0,0.2,64,10,0.15625,1.0,1.0
random_forest,hbase,0,0.8,0.9655172413793104,0.875,0.56,87,29,0.3333333333333333,0.9289536266349583,0.8752103583478325
random_forest,hbase,1,0.8787878787878788,1.0,0.9354838709677419,0.58,86,29,0.3372093023255814,0.9845735027223231,0.9654232315302975
random_forest,hbase,2,0.8709677419354839,0.9310344827586207,0.9,0.56,86,29,0.3372093023255814,0.9473684210526316,0.8919451720635876
random_forest,hbase,3,0.9354838709677419,1.0,0.9666666666666667,0.58,86,29,0.3372093023255814,0.985178463399879,0.9650149437192679
random_forest,hbase,4,0.78125,0.8620689655172413,0.819672131147541,0.58,86,29,0.3372093023255814,0.9461584996975196,0.8948905685115379
random_forest,hector,0,1.0,1.0,1.0,0.2413793103448276,29,7,0.2413793103448276,1.0,1.0
random_forest,hector,1,0.6666666666666666,0.8571428571428571,0.75,0.2413793103448276,29,7,0.2413793103448276,0.9545454545454546,0.8857142857142857
random_forest,hector,2,0.625,0.8333333333333334,0.7142857142857143,0.21428571428571427,28,6,0.21428571428571427,0.9242424242424242,0.7688492063492063
random_forest,hector,3,0.8333333333333334,0.8333333333333334,0.8333333333333334,0.21428571428571427,28,6,0.21428571428571427,0.9924242424242423,0.976190476190476
random_forest,hector,4,0.8333333333333334,0.7142857142857143,0.7692307692307693,0.25,28,7,0.25,0.880952380952381,0.6698412698412698
random_forest,http-request,0,1.0,1.0,1.0,0.12121212121212122,33,4,0.12121212121212122,1.0,1.0
random_forest,http-request,1,0.6666666666666666,0.5,0.5714285714285714,0.12121212121212122,33,4,0.12121212121212122,0.896551724137931,0.675595238095238
random_forest,http-request,2,0.6666666666666666,1.0,0.8,0.12121212121212122,33,4,0.12121212121212122,0.9612068965517241,0.6458333333333333
random_forest,http-request,3,1.0,0.6666666666666666,0.8,0.09375,32,3,0.09375,0.9655172413793103,0.8333333333333333
random_forest,http-request,4,0.6,1.0,0.75,0.09375,32,3,0.09375,0.9770114942528735,0.8666666666666667
random_forest,httpcore,0,0.5,0.6,0.5454545454545454,0.1,143,5,0.03496503496503497,0.9644927536231883,0.7027472527472527
random_forest,httpcore,1,0.25,0.4,0.3076923076923077,0.1,143,5,0.03496503496503497,0.9405797101449276,0.34458333333333335
random_forest,httpcore,2,0.5,0.5,0.5,0.08,142,4,0.028169014084507043,0.983695652173913,0.5416666666666666
random_forest,httpcore,3,0.375,0.75,0.5,0.08,142,4,0.028169014084507043,0.983695652173913,0.6666666666666666
random_forest,httpcore,4,0.5714285714285714,1.0,0.7272727272727273,0.08,142,4,0.028169014084507043,0.9855072463768116,0.5595238095238095
random_forest,incubator-dubbo,0,1.0,0.5,0.6666666666666666,0.06,436,4,0.009174311926605505,0.8292824074074074,0.5647935779816513
random_forest,incubator-dubbo,1,1.0,0.6666666666666666,0.8,0.06,435,3,0.006896551724137931,0.9945987654320988,0.7666666666666666
random_forest,incubator-dubbo,2,0.0,0.0,0.0,0.08,435,4,0.009195402298850575,0.9535962877030162,0.20483511586452763
random_forest,incubator-dubbo,3,0.5,0.25,0.3333333333333333,0.08,435,4,0.009195402298850575,0.9518561484918794,0.21071428571428572
random_forest,incubator-dubbo,4,1.0,0.25,0.4,0.06,435,4,0.009195402298850575,0.9567865429234339,0.3770312878971622
random_forest,java-websocket,0,0.6,0.75,0.6666666666666666,0.13793103448275862,29,4,0.13793103448275862,0.94,0.85
random_forest,java-websocket,1,0.75,0.75,0.75,0.13793103448275862,29,4,0.13793103448275862,0.97,0.8928571428571428
random_forest,java-websocket,2,0.8,0.8,0.8,0.1724137931034483,29,5,0.1724137931034483,0.9916666666666667,0.9666666666666667
random_forest,java-websocket,3,0.7142857142857143,1.0,0.8333333333333334,0.1724137931034483,29,5,0.1724137931034483,1.0,1.0
random_forest,java-websocket,4,1.0,0.8,0.8888888888888888,0.1724137931034483,29,5,0.1724137931034483,0.8541666666666667,0.8344827586206898
random_forest,logback,0,0.25,0.25,0.25,0.04,169,4,0.023668639053254437,0.75,0.15031565656565657
random_forest,logback,1,1.0,0.2,0.3333333333333333,0.1,169,5,0.029585798816568046,0.9914634146341463,0.7892857142857141
random_forest,logback,2,0.3333333333333333,0.2,0.25,0.02,169,5,0.029585798816568046,0.525,0.22549697779474456
random_forest,logback,3,0.0,0.0,0.0,0.06,168,4,0.023809523809523808,0.663109756097561,0.08021242323567905
random_forest,logback,4,0.5,0.25,0.3333333333333333,0.06,168,4,0.023809523809523808,0.6958841463414634,0.4389233954451346
random_forest,okhttp,0,0.4117647058823529,0.35,0.3783783783783784,0.22,162,20,0.12345679012345678,0.7130281690140845,0.34893982107951893
random_forest,okhttp,1,0.3076923076923077,0.4,0.34782608695652173,0.32,162,20,0.12345679012345678,0.8438380281690141,0.37913054729383594
random_forest,okhttp,2,0.42857142857142855,0.6,0.5,0.28,162,20,0.12345679012345678,0.8475352112676057,0.466488014985281
random_forest,okhttp,3,0.3333333333333333,0.25,0.2857142857142857,0.28,162,20,0.12345679012345678,0.7302816901408451,0.32973444719117956
random_forest,okhttp,4,0.3333333333333333,0.35,0.34146341463414637,0.26,162,20,0.12345679012345678,0.748943661971831,0.34302413311334407
random_forest,spring-boot,0,0.8461538461538461,0.6666666666666666,0.7457627118644068,0.54,426,33,0.07746478873239436,0.9456010486544838,0.8296966110037969
random_forest,spring-boot,1,0.8888888888888888,0.9696969696969697,0.927536231884058,0.66,426,33,0.07746478873239436,0.9988433957899607,0.9873095770628978
random_forest,spring-boot,2,1.0,0.90625,0.9508196721311475,0.64,425,32,0.07529411764705882,0.9988072519083969,0.9900265957446809
random_forest,spring-boot,3,0.967741935483871,0.9375,0.9523809523809523,0.64,425,32,0.07529411764705882,0.9991253180661578,0.9907255116959064
random_forest,spring-boot,4,1.0,0.8484848484848485,0.9180327868852459,0.64,425,33,0.07764705882352942,0.9977195423623996,0.9805798013611465
random_forest,wildfly,0,0.6666666666666666,0.4,0.5,0.1,248,5,0.020161290322580645,0.9917695473251029,0.75
random_forest,wildfly,1,1.0,0.75,0.8571428571428571,0.08,247,4,0.016194331983805668,0.9969135802469136,0.8928571428571428
random_forest,wildfly,2,1.0,0.25,0.4,0.06,247,4,0.016194331983805668,0.9295267489711934,0.7621951219512195
random_forest,wildfly,3,0.5714285714285714,0.8,0.6666666666666666,0.1,247,5,0.020242914979757085,0.9975206611570249,0.925
random_forest,wildfly,4,1.0,0.4,0.5714285714285714,0.1,247,5,0.020242914979757085,0.9884297520661156,0.6909090909090909
random_forest,wro4j,0,0.0,0.0,0.0,0.06,229,3,0.013100436681222707,0.9882005899705015,0.6111111111111112
random_forest,wro4j,1,1.0,0.6666666666666666,0.8,0.06,229,3,0.013100436681222707,0.9653392330383481,0.7037037037037037
random_forest,wro4j,2,0.0,0.0,0.0,0.06,229,3,0.013100436681222707,0.9859882005899705,0.3888888888888889
random_forest,wro4j,3,0.0,0.0,0.0,0.06,229,3,0.013100436681222707,0.9181415929203539,0.2199582027168234
random_forest,wro4j,4,0.0,0.0,0.0,0.06,229,4,0.017467248908296942,0.9222222222222223,0.30705128205128207
xgboost,activiti,0,0.25,0.16666666666666666,0.2,0.08,409,6,0.014669926650366748,0.8283705541770058,0.129673603185839
xgboost,activiti,1,0.25,0.16666666666666666,0.2,0.06,409,6,0.014669926650366748,0.7489660876757651,0.23902681432801914
xgboost,activiti,2,0.3333333333333333,0.14285714285714285,0.2,0.04,409,7,0.017114914425427872,0.7889125799573561,0.15450026164311878
xgboost,activiti,3,0.0,0.0,0.0,0.1,409,7,0.017114914425427872,0.8386638237384506,0.2782296763795421
xgboost,activiti,4,0.25,0.16666666666666666,0.2,0.1,408,6,0.014705882352941176,0.8370646766169154,0.22453078078078076
xgboost,alluxio,0,1.0,1.0,1.0,0.6052631578947368,38,23,0.6052631578947368,1.0,1.0
xgboost,alluxio,1,1.0,1.0,1.0,0.631578947368421,38,24,0.631578947368421,1.0,1.0
xgboost,alluxio,2,1.0,1.0,1.0,0.6216216216216216,37,23,0.6216216216216216,1.0,1.0
xgboost,alluxio,3,1.0,0.9565217391304348,0.9777777777777777,0.6216216216216216,37,23,0.6216216216216216,1.0,1.0
xgboost,alluxio,4,1.0,1.0,1.0,0.6216216216216216,37,23,0.6216216216216216,1.0,1.0
xgboost,ambari,0,0.8333333333333334,1.0,0.9090909090909091,0.2,65,10,0.15384615384615385,0.9927272727272727,0.9651515151515151
xgboost,ambari,1,1.0,0.9,0.9473684210526315,0.2,65,10,0.15384615384615385,0.9909090909090909,0.9666666666666667
xgboost,ambari,2,1.0,0.9090909090909091,0.9523809523809523,0.22,65,11,0.16923076923076924,0.9932659932659933,0.9757575757575758
xgboost,ambari,3,1.0,0.9090909090909091,0.9523809523809523,0.22,65,11,0.16923076923076924,0.9915824915824916,0.9715909090909092
xgboost,ambari,4,1.0,1.0,1.0,0.2,64,10,0.15625,1.0,1.0
xgboost,hbase,0,0.8181818181818182,0.9310344827586207,0.8709677419354839,0.56,87,29,0.3333333333333333,0.9304399524375743,0.8688952364106692
xgboost,hbase,1,0.8484848484848485,0.9655172413793104,0.9032258064516129,0.58,86,29,0.3372093023255814,0.957652752571083,0.8886907465072345
xgboost,hbase,2,0.8666666666666667,0.896551724137931,0.8813559322033898,0.56,86,29,0.3372093023255814,0.9467634603750756,0.8617375856698164
xgboost,hbase,3,0.9333333333333333,0.9655172413793104,0.9491525423728814,0.58,86,29,0.3372093023255814,0.9709618874773139,0.8812515877556344
xgboost,hbase,4,0.8125,0.896551724137931,0.8524590163934426,0.58,86,29,0.3372093023255814,0.941923774954628,0.8805564205795784
xgboost,hector,0,1.0,1.0,1.0,0.2413793103448276,29,7,0.2413793103448276,1.0,0.9999999999999998
xgboost,hector,1,0.75,0.8571428571428571,0.8,0.2413793103448276,29,7,0.2413793103448276,0.961038961038961,0.9123376623376622
xgboost,hector,2,0.625,0.8333333333333334,0.7142857142857143,0.21428571428571427,28,6,0.21428571428571427,0.9469696969696969,0.8412698412698413
xgboost,hector,3,0.8,0.6666666666666666,0.7272727272727273,0.21428571428571427,28,6,0.21428571428571427,0.9015151515151515,0.7924242424242424
xgboost,hector,4,0.8333333333333334,0.7142857142857143,0.7692307692307693,0.25,28,7,0.25,0.9047619047619048,0.6857142857142857
xgboost,http-request,0,1.0,0.75,0.8571428571428571,0.12121212121212122,33,4,0.12121212121212122,0.9827586206896551,0.9166666666666666
xgboost,http-request,1,0.5,0.5,0.5,0.12121212121212122,33,4,0.12121212121212122,0.8189655172413793,0.5738095238095238
xgboost,http-request,2,0.5,0.75,0.6,0.12121212121212122,33,4,0.12121212121212122,0.9396551724137931,0.7152777777777778
xgboost,http-request,3,0.6666666666666666,0.6666666666666666,0.6666666666666666,0.09375,32,3,0.09375,0.896551724137931,0.6464646464646464
xgboost,http-request,4,1.0,0.6666666666666666,0.8,0.09375,32,3,0.09375,0.9885057471264368,0.9166666666666665
xgboost,httpcore,0,0.4,0.4,0.4,0.1,143,5,0.03496503496503497,0.9681159420289855,0.47583333333333333
xgboost,httpcore,1,0.3333333333333333,0.4,0.36363636363636365,0.08,143,5,0.03496503496503497,0.8173913043478261,0.30773809523809526
xgboost,httpcore,2,0.5,0.5,0.5,0.08,142,4,0.028169014084507043,0.980072463768116,0.5166666666666666
xgboost,httpcore,3,0.42857142857142855,0.75,0.5454545454545454,0.08,142,4,0.028169014084507043,0.9818840579710145,0.5416666666666666
xgboost,httpcore,4,0.5,0.25,0.3333333333333333,0.08,142,4,0.028169014084507043,0.9836956521739131,0.6361111111111111
xgboost,incubator-dubbo,0,1.0,0.5,0.6666666666666666,0.06,436,4,0.009174311926605505,0.8512731481481483,0.5789370078740157
xgboost,incubator-dubbo,1,0.6666666666666666,0.6666666666666666,0.6666666666666666,0.06,435,3,0.006896551724137931,0.992283950617284,0.7435897435897436
xgboost,incubator-dubbo,2,0.0,0.0,0.0,0.06,435,4,0.009195402298850575,0.9535962877030163,0.1702964959568733
xgboost,incubator-dubbo,3,0.3333333333333333,0.25,0.2857142857142857,0.06,435,4,0.009195402298850575,0.8126450116009281,0.20573665707893896
xgboost,incubator-dubbo,4,0.2,0.25,0.2222222222222222,0.08,435,4,0.009195402298850575,0.980278422273782,0.30627705627705626
xgboost,java-websocket,0,0.5,0.75,0.6,0.13793103448275862,29,4,0.13793103448275862,0.97,0.8928571428571428
xgboost,java-websocket,1,0.75,0.75,0.75,0.13793103448275862,29,4,0.13793103448275862,0.9800000000000001,0.9166666666666666
xgboost,java-websocket,2,0.8,0.8,0.8,0.1724137931034483,29,5,0.1724137931034483,0.9916666666666667,0.9666666666666667
xgboost,java-websocket,3,0.625,1.0,0.7692307692307693,0.1724137931034483,29,5,0.1724137931034483,1.0,1.0
xgboost,java-websocket,4,1.0,0.8,0.8888888888888888,0.1724137931034483,29,5,0.1724137931034483,0.9916666666666667,0.9666666666666666
xgboost,logback,0,0.3333333333333333,0.25,0.2857142857142857,0.04,169,4,0.023668639053254437,0.7,0.11810515873015873
xgboost,logback,1,0.3333333333333333,0.2,0.25,0.1,169,5,0.029585798816568046,0.9560975609756097,0.4593939393939394
xgboost,logback,2,0.25,0.2,0.2222222222222222,0.02,169,5,0.029585798816568046,0.22439024390243903,0.21704866608449175
xgboost,logback,3,0.0,0.0,0.0,0.04,168,4,0.023809523809523808,0.486280487804878,0.036537223036764
xgboost,logback,4,1.0,0.25,0.4,0.04,168,4,0.023809523809523808,0.6600609756097561,0.3516890213611525
xgboost,okhttp,0,0.2857142857142857,0.2,0.23529411764705882,0.22,162,20,0.12345679012345678,0.7045774647887324,0.28029098073276737
xgboost,okhttp,1,0.28,0.35,0.3111111111111111,0.28,162,20,0.12345679012345678,0.8,0.3582435878923828
xgboost,okhttp,2,0.4074074074074074,0.55,0.46808510638297873,0.26,162,20,0.12345679012345678,0.8207746478873239,0.5351387315582286
xgboost,okhttp,3,0.3333333333333333,0.25,0.2857142857142857,0.22,162,20,0.12345679012345678,0.7095070422535212,0.3527451018726154
xgboost,okhttp,4,0.3333333333333333,0.35,0.34146341463414637,0.22,162,20,0.12345679012345678,0.6987676056338029,0.28517325125477866
xgboost,spring-boot,0,0.8,0.7272727272727273,0.7619047619047619,0.54,426,33,0.07746478873239436,0.9467962063381912,0.8232837276839813
xgboost,spring-boot,1,0.868421052631579,1.0,0.9295774647887324,0.66,426,33,0.07746478873239436,0.9993060374739764,0.9919427570637246
xgboost,spring-boot,2,1.0,0.875,0.9333333333333333,0.64,425,32,0.07529411764705882,0.9986482188295166,0.9891581632653061
xgboost,spring-boot,3,0.9090909090909091,0.9375,0.9230769230769231,0.6,425,32,0.07529411764705882,0.9945928753180663,0.9664467933382408
xgboost,spring-boot,4,0.9666666666666667,0.8787878787878788,0.9206349206349206,0.66,425,33,0.07764705882352942,0.9993815708101422,0.9929528580738256
xgboost,wildfly,0,0.75,0.6,0.6666666666666666,0.08,248,5,0.020161290322580645,0.9456790123456791,0.6202824858757062
xgboost,wildfly,1,0.75,0.75,0.75,0.08,247,4,0.016194331983805668,0.9886831275720164,0.8166666666666667
xgboost,wildfly,2,0.3333333333333333,0.25,0.2857142857142857,0.06,247,4,0.016194331983805668,0.8179012345679013,0.40178571428571425
xgboost,wildfly,3,0.6666666666666666,0.8,0.7272727272727273,0.1,247,5,0.020242914979757085,0.9950413223140495,0.8909090909090909
xgboost,wildfly,4,0.25,0.2,0.2222222222222222,0.1,247,5,0.020242914979757085,0.9801652892561984,0.48906593406593407
xgboost,wro4j,0,1.0,0.3333333333333333,0.5,0.06,229,3,0.013100436681222707,0.9882005899705015,0.6555555555555554
xgboost,wro4j,1,0.4,0.6666666666666666,0.5,0.06,229,3,0.013100436681222707,0.9587020648967551,0.25666666666666665
xgboost,wro4j,2,0.0,0.0,0.0,0.06,229,3,0.013100436681222707,0.9616519174041298,0.19444444444444445
xgboost,wro4j,3,0.0,0.0,0.0,0.06,229,3,0.013100436681222707,0.9380530973451326,0.1701388888888889
xgboost,wro4j,4,0.6666666666666666,0.5,0.5714285714285714,0.06,229,4,0.017467248908296942,0.8122222222222223,0.4977272727272727
